GP1,GP2,GP3,GP4,GP5,GP6,GP7,GP8,GP9,GP10,GP11,GP12,GP13,GP14,GP15,GP16,GP17,GP18,GP19,GP20,GP21,GP22,GP23,GP24,GP25,GP26,GP27,GP28,GP29,GP30,GP31,GP32,GP33,GP34,GP35,GP36,GP37,GP38,GP39,GP40,GP41,GP42,GP43,GP44,GP45,GP46
0.016117543,0.072337091,0.002571769,0.045732195,3.306536179,1.466414739,0.056500309,4.104060707,2.48862935,1.501083086,1.077958737,0.684379786,0.078062741,4.419775322,0.963071407,0.84101438,0.882493985,0.076572836,8.50362312,0.381232962,6.479537828,2.2373325,2.769472535,1.133307927,26.85132263,0.767373623,6.474634808,4.603362955,1.475636797,0.079695833,1.402411565,0.865194439,0.580548817,4.130133093,0.223745791,0.550068486,1.574027557,3.533020323,0.43510067,0.498498337,0.407195851,0.321716346,0.528682933,0.311148508,0.486702638,0.311958971
