sex,ethnicity,race,age,fast_glucose,hr,ht,bun,calcium,chloride,co2,bmi,wt_end,wt,bp_dias,bp_sys,triglycerides,ldl,hem
0,0,0,63.24257235,112.68458667805228,60.00731449,70.00135347,15.927850183599837,9.278682268325491,104.9871744,31.00434373,32.42456396,222.0342929,226.0072926,60.01271644,137.9943642,61,59.00906152,51.48891898
